name,id,contributor_id,submitted,tags,description,calories
better than sex  strawberries,42198,41531,2002-10-03,"['weeknight', 'time-to-make', 'course', 'main-ingredient', 'preparation', 'occasion', 'low-protein', 'pies-and-tarts', 'desserts', 'fruit', '1-day-or-more', 'pies', 'dietary', 'low-sodium', 'comfort-food', 'low-in-something', 'berries', 'strawberries', 'taste-mood']","simple but sexy. this was in my local newspaper's food section. cook time reflects refrigeration time.  i've been asked several times if this should be baked.  just to clarify, no, it is not, it is a refrigerator dessert. i'm not sure why it contains raw egg, but most tiramisu recipes do too.",734.1
chinese  chop suey,8559,4481,2001-01-27,"['weeknight', 'time-to-make', 'course', 'main-ingredient', 'cuisine', 'preparation', 'occasion', 'north-american', 'main-dish', 'beef', 'pork', 'vegetables', 'american', 'potluck', 'dinner-party', 'heirloom-historical', 'holiday-event', 'kid-friendly', 'winter', 'stove-top', 'dietary', 'one-dish-meal', 'seasonal', 'meat', 'to-go', 'equipment', '4-hours-or-less']",easy one-pot dinner. ,395.4
fried  potatoes,37073,1533,2002-08-13,"['60-minutes-or-less', 'time-to-make', 'course', 'main-ingredient', 'preparation', 'low-protein', 'healthy', '5-ingredients-or-less', 'side-dishes', 'potatoes', 'vegetables', 'oven', 'easy', 'dietary', 'low-sodium', 'low-cholesterol', 'low-saturated-fat', 'low-calorie', 'healthy-2', 'low-in-something', 'equipment']","my husband made these up last week, very tasty, he liked them because they were easy.",132.6
momma s special  marinade,30131,41480,2002-06-03,"['15-minutes-or-less', 'time-to-make', 'course', 'cuisine', 'preparation', 'occasion', 'north-american', 'for-1-or-2', 'low-protein', 'condiments-etc', 'american', 'barbecue', 'easy', 'diabetic', 'holiday-event', 'kid-friendly', 'summer', 'marinades-and-rubs', 'dietary', 'seasonal', 'low-carb', 'independence-day', 'low-in-something', 'equipment', 'grilling', 'number-of-servings']",we usually use with chicken. my neices ask for this by name ,199.2
munch without guilt  tomatoes,30300,6164,2002-06-04,"['15-minutes-or-less', 'time-to-make', 'course', 'main-ingredient', 'cuisine', 'preparation', 'occasion', 'low-protein', 'healthy', '5-ingredients-or-less', 'appetizers', 'salads', 'vegetables', 'asian', 'indian', 'easy', 'no-cook', 'beginner-cook', 'diabetic', 'dinner-party', 'holiday-event', 'kid-friendly', 'low-fat', 'picnic', 'vegetarian', 'dietary', 'low-sodium', 'low-cholesterol', 'low-saturated-fat', 'low-calorie', 'comfort-food', 'low-carb', 'healthy-2', 'low-in-something', 'taste-mood', 'to-go', 'number-of-servings', '3-steps-or-less', 'technique']",anytime munchies...another sweat free preparation for all of you !,3.0
say what   banana sandwich,95926,118163,2004-07-20,"['15-minutes-or-less', 'time-to-make', 'course', 'main-ingredient', 'cuisine', 'preparation', 'occasion', 'north-american', '5-ingredients-or-less', 'lunch', 'fruit', 'american', 'southern-united-states', 'easy', 'european', 'beginner-cook', 'finger-food', 'kid-friendly', 'vegetarian', 'dietary', 'sandwiches', 'inexpensive', 'toddler-friendly', 'tropical-fruit', 'bananas', 'brunch', 'taste-mood', 'sweet', 'to-go', 'presentation']",you just have to try it to believe it.,238.0
300 icing,208179,189797,2007-01-30,"['30-minutes-or-less', 'time-to-make', 'course', 'preparation', 'low-protein', 'desserts', 'cakes', 'dietary', 'cake-fillings-and-frostings', 'low-in-something']","don't know where this recipe originated, just that it's been around my family for a long time.  a very different method of making an icing, however, if you don't like the traditional powdered sugar ones, this is very light & doesn't taste as sweet.  it is fantastic and a little thicker when cream cheese is substituted for butter.",339.0
burek  or feta cheese  phyllo pie,310570,676820,2008-06-24,"['time-to-make', 'course', 'main-ingredient', 'cuisine', 'preparation', 'savory-pies', 'main-dish', 'eggs-dairy', 'easy', 'european', 'cheese', '4-hours-or-less']","ok, there are different version of burek (some eastern europeans even greeks) roll a fresh dough and then spend more time rolling, folding and waiting. but if you're like me and my mom, use phyllo! it's quick and you can always keep it in the freezer.  i remember while i was growing up and my mom would make this every sunday! the smell alone coming from our kitchen used to make me come running home. please excuse the directions, but the recipe doesn't really have measurements or written directions! this is an old recipe and no one ever wrote it down.",428.1
german  barbecued carrots,109818,64918,2005-01-28,"['60-minutes-or-less', 'time-to-make', 'course', 'main-ingredient', 'preparation', '5-ingredients-or-less', 'side-dishes', 'vegetables', 'easy', 'dietary']",this is something my grandma made at christmas. i don't know where she originally got the recipe but the recipe card for it has her handwriting on it. i call them german carrots because grandma's grandparents came over from germany. my family mostly eats these at christmas and we usually fight over who gets the little bit that's leftover.  it's a really good barbecued carrot recipe.,173.5
no name   beef recipe   loco moco,101115,108291,2004-10-01,"['30-minutes-or-less', 'time-to-make', 'course', 'preparation', 'for-1-or-2', '5-ingredients-or-less', 'main-dish', 'easy', 'dietary', 'one-dish-meal', 'number-of-servings']","i saw this dish on a tv travel channel. it was served at an up scale diner on one of the hawian isles. i recall the name of the diner as being ""mike's"", but i don't remember the name of this dish!",1040.1
pizza pan  potato skins,60938,35635,2003-04-24,"['60-minutes-or-less', 'time-to-make', 'course', 'main-ingredient', 'preparation', 'occasion', 'appetizers', 'lunch', 'side-dishes', 'snacks', 'eggs-dairy', 'potatoes', 'vegetables', 'oven', 'dinner-party', 'finger-food', 'cheese', 'deep-fry', 'stove-top', 'dietary', 'comfort-food', 'taste-mood', 'equipment', 'presentation', 'served-hot', 'technique']","there's a pub we go to that makes their own french fries, and instead of throwing out the skins, they fry them up and bake them with toppings in a pizza pan. they bring them sizzling to your table in the pizza pan with sour cream for dipping. dare i say that they are better than the french fries? not a low calorie item but so good. this is my attempt to duplicate them.",503.9
puddingkuchen   custard bake,353171,573325,2009-01-31,"['time-to-make', 'course', 'main-ingredient', 'preparation', 'occasion', 'desserts', 'eggs-dairy', 'fruit', 'easy', 'beginner-cook', 'vegetarian', 'dietary', 'low-sodium', 'comfort-food', 'low-in-something', 'brunch', 'taste-mood', 'sweet', '4-hours-or-less']","this recipe comes from belgium. it is a lovely custard fruit bake, which resembles a cake. can be eaten warm or cold served with vanilla ice-cream or just plain.
ive never used frozen berries in this. you can try but then make sure that they are not thawed or your custard won't set.",1582.6
the  creamed dried beef chipped beef recipe,163238,168416,2006-04-06,"['time-to-make', 'course', 'main-ingredient', 'preparation', 'occasion', '5-ingredients-or-less', 'breakfast', 'main-dish', 'beef', 'easy', 'stove-top', 'comfort-food', 'inexpensive', 'meat', 'brunch', 'taste-mood', 'equipment', '4-hours-or-less']","this is a long-time favorite recipe of our lancaster county, pa family passed down from my mom. she gets requests for it all the time and has to make double or triple this amount now whenever she makes it so everyone has some to take along home too. for me, it's a true comfort food if there ever was one! we always serve it over toast and/or homefried potatoes. my dad refer's to it as s.o.s. from his days in the service. (recipe makes about 4 servings for our hungry family but it freezes very well so any leftovers won't go to waste.)",540.6
yummy n  easiest  warm blueberry sauce,16391,6164,2001-12-30,"['30-minutes-or-less', 'time-to-make', 'course', 'main-ingredient', 'cuisine', 'preparation', 'occasion', 'north-american', 'low-protein', 'healthy', '5-ingredients-or-less', 'fruit', 'american', 'easy', 'holiday-event', 'low-fat', 'dietary', 'gifts', 'christmas', 'low-sodium', 'low-cholesterol', 'low-saturated-fat', 'low-calorie', 'pacific-northwest', 'ramadan', 'healthy-2', 'low-in-something', 'berries', 'blueberries', 'number-of-servings']","serve it liberally on pancakes, ice creams or just have a spoonful of it any time!",326.3
zucchini mix  in tomato sauce,196264,308434,2006-11-18,"['60-minutes-or-less', 'time-to-make', 'course', 'preparation', 'low-protein', 'healthy', 'sauces', 'main-dish', 'condiments-etc', 'vegan', 'vegetarian', 'pizza', 'dietary', 'low-cholesterol', 'low-saturated-fat', 'low-calorie', 'low-carb', 'savory-sauces', 'healthy-2', 'low-in-something']","this is a good base for pasta or pizza sauce. when thawed, just add garlic, herbs and cheese and away you go. this works just as well with canned tomatoes.",82.8
cream of whatever  soup,441744,1699816,2010-11-12,"['weeknight', '15-minutes-or-less', 'time-to-make', 'course', 'cuisine', 'preparation', 'occasion', 'north-american', 'low-protein', 'sauces', 'condiments-etc', 'soups-stews', 'american', 'easy', 'beginner-cook', 'diabetic', 'kid-friendly', 'dietary', 'copycat', 'low-sodium', 'low-calorie', 'low-carb', 'inexpensive', 'low-in-something', '3-steps-or-less', 'from-scratch']","a healthy, budget-friendly substitute for canned cream soup.  takes just minutes to whip up--perfect to use in casseroles or as a base for homemade soups, stews, etc.  it's so versatile; use as is, or add celery seed for cream of celery, a jar of mushrooms for cream of mushroom, or chicken bouillon for cream of chicken. enjoy!",107.4
creamed  spinach,16327,23724,2001-12-28,"['15-minutes-or-less', 'time-to-make', 'course', 'main-ingredient', 'cuisine', 'preparation', 'occasion', 'for-1-or-2', 'healthy', '5-ingredients-or-less', 'side-dishes', 'vegetables', 'easy', 'european', 'low-fat', 'vegetarian', 'dietary', 'low-sodium', 'low-cholesterol', 'low-saturated-fat', 'low-calorie', 'low-carb', 'inexpensive', 'healthy-2', 'low-in-something', 'number-of-servings']","i created this recipe one evening when i wanted something just a little bit special to serve my husband. it's so simple, yet tastes so very rich.",92.5
fried  bacon in the oven,280918,66448,2008-01-23,"['bacon', '30-minutes-or-less', 'time-to-make', 'course', 'main-ingredient', 'preparation', '5-ingredients-or-less', 'breakfast', 'pork', 'oven', 'easy', 'meat', 'equipment']","a easy & no clean up way to do your bacon.
i had to add a t. of pepper because you need more then 1 ingriedent, skip unless you want your bacon peppery!",262.0
i ve only got a quarter meal,286851,182809,2008-02-19,"['60-minutes-or-less', 'time-to-make', 'course', 'main-ingredient', 'cuisine', 'preparation', 'occasion', 'north-american', 'for-1-or-2', 'healthy', 'main-dish', 'beef', 'vegetables', 'american', 'easy', 'beginner-cook', 'kid-friendly', 'dietary', 'one-dish-meal', 'low-cholesterol', 'low-calorie', 'low-carb', 'inexpensive', 'healthy-2', 'ground-beef', 'toddler-friendly', 'low-in-something', 'meat', 'pasta-rice-and-grains', 'taste-mood', 'number-of-servings']","way back when....i use to get $15.00 a week to feed two adults, one toddler and a infant. i use to get one lbs of ground beef, cut it into quarters and make four meals. back then i called it, ""dr. martins mix"" in honor of the dr. to whom we owed so much money. the amount of servings really depend on who you are serving, adults or children.",521.2
no sausage     gravy for biscuits and gravy,298874,463202,2008-04-17,"['15-minutes-or-less', 'time-to-make', 'preparation', 'easy', 'dietary', 'low-calorie', 'low-carb', 'low-in-something', '3-steps-or-less']","so what do you do when you are craving some yummy, comforting biscuits and gravy and there is no breakfast meat to be found?  no sausage, no bacon to provide drippings upon which to build a cream gravy?  no sausage?!?!?  you gain inspiration from 'zaar, of course, and post your delicious results so others don't have to be in the same position.  start your meal by mixing and putting in the oven your favorite recipe for biscuits (mine is recipe #77417).  while the biscuits are baking, whip this up:",145.1
one of  cookies  no bake  4 ingredients,218648,246844,2007-03-25,"['15-minutes-or-less', 'time-to-make', 'course', 'preparation', '5-ingredients-or-less', 'desserts', 'easy', 'beginner-cook', 'kid-friendly', 'cookies-and-brownies', 'dietary']",found these in a magazine. (i think) great for kids to make with help.,187.2
sweet dreams  shake,29916,37036,2002-05-31,"['15-minutes-or-less', 'time-to-make', 'course', 'main-ingredient', 'preparation', 'for-1-or-2', 'low-protein', 'healthy', '5-ingredients-or-less', 'beverages', 'eggs-dairy', 'easy', 'low-fat', 'food-processor-blender', 'dietary', 'low-sodium', 'low-cholesterol', 'shakes', 'low-calorie', 'low-in-something', 'equipment', 'small-appliance', 'number-of-servings', '3-steps-or-less']","my sister received this recipe from a friend, because she was having trouble falling asleep at night. the friend told my sister if she drank this shake before going to bed, it would help her fall asleep. my sister swears by it! i don't have trouble falling asleep, so i can't say if it really works, but it taste great! :)",325.0
the ultimate brownie,342698,850974,2008-12-09,"['60-minutes-or-less', 'time-to-make', 'course', 'main-ingredient', 'preparation', 'for-large-groups', 'desserts', 'cookies-and-brownies', 'chocolate', 'number-of-servings']","an amazingly chewy, fudgy brownie! not for folks who like their brownies more cake-like. i found this recipe on about.com while searching for a recipe that used baking squares instead of cocoa powder. the result? a brownie that is super easy to make and comes out perfectly every time! i like to add a pinch each of baking powder and baking soda but it's not necessary especially if you can beat the egg/sugar mix for 10 minutes...",343.0
twist your own way  mayonnaise  this one is with garlic twist,35632,6164,2002-07-29,"['15-minutes-or-less', 'time-to-make', 'course', 'preparation', 'occasion', '5-ingredients-or-less', 'appetizers', 'easy', 'no-cook', 'beginner-cook', 'fall', 'kid-friendly', 'picnic', 'spring', 'summer', 'winter', 'dips', 'spreads', 'dietary', 'gifts', 'seasonal', 'comfort-food', 'inexpensive', 'taste-mood', 'to-go', 'number-of-servings', '3-steps-or-less', 'technique']","put this on your favorite sandwich or burger. this also makes a tasty dip for vegetables. calorie watchers may put a vethin layer at a time. this will make you enjoy this mayo without bothering about the cals. also, please note that the cals indicated are for a full one cup. this twist is with garlic, this recipe allows you to make your own twists with onions, green onions, tomatoes, basil, fresh cilantro or chives.",252.2
we re going bananas  bread,198343,326970,2006-11-29,"['time-to-make', 'course', 'main-ingredient', 'preparation', 'for-large-groups', 'breads', 'fruit', 'easy', 'beginner-cook', 'quick-breads', 'tropical-fruit', 'bananas', 'number-of-servings', '4-hours-or-less']","another all time household favorite from ""the best of bridge"" series.  going bananas is an excellent bread, and our fmaily has enjoyed it for years.  12 minutes to mix, and 60 minutes to bake and the rest is history.",264.5
you like cheese   garlic bread spread,96727,145097,2004-08-02,"['30-minutes-or-less', 'time-to-make', 'course', 'main-ingredient', 'preparation', 'appetizers', 'eggs-dairy', 'easy', 'spreads', 'cheese', 'dietary', 'high-calcium', 'high-protein', 'low-carb', 'high-in-something', 'low-in-something', 'number-of-servings']","this is fantastic. this was posted on a canning list, and this is a definite staple in my fridge. the best thing about it is that you make it, and it keeps in the fridge for up to 2 months. the taste is fantastic!",1057.9
you want me to do what to the buttered noodles,474258,786549,2012-02-15,"['15-minutes-or-less', 'time-to-make', 'course', 'main-ingredient', 'preparation', '5-ingredients-or-less', 'side-dishes', 'pasta', 'easy', 'pasta-rice-and-grains', '3-steps-or-less']","after years of eating at good and plenty and plain and fancy in lancaster county my mother finally worked up the courage to ask the waitress how they make the buttered noodles. - just burn the butter. i know it sounds weird but this has become our family's favorite way to prepare buttered noodles. plus no additional seasoning needed,",531.8
guacamole  dip,344420,298098,2008-12-20,"['15-minutes-or-less', 'time-to-make', 'course', 'cuisine', 'preparation', 'north-american', 'low-protein', '5-ingredients-or-less', 'appetizers', 'mexican', 'easy', 'dips', 'dietary', 'low-calorie', 'low-carb', 'inexpensive', 'low-in-something']","this is super easy & delicious, too!",214.7
lite  stuffed mushrooms,16451,4470,2001-12-30,"['30-minutes-or-less', 'time-to-make', 'course', 'main-ingredient', 'cuisine', 'preparation', 'occasion', 'north-american', 'healthy', 'appetizers', 'eggs-dairy', 'vegetables', 'canadian', 'oven', 'dinner-party', 'finger-food', 'low-fat', 'cheese', 'broil', 'dietary', 'low-sodium', 'low-cholesterol', 'low-saturated-fat', 'low-calorie', 'low-carb', 'mushrooms', 'healthy-2', 'low-in-something', 'equipment', 'presentation']","this is a good appetizer to serve when you are watching calories. leave out the jalapeno & garlic, if you wish they are good even without them.  try using a portabello and if you can find them black garlic. - wonderful flavor. black garlic are from korea and are fermented in a special process - very mellow flavor",37.2
po  wo man s cobbler,67142,93847,2003-07-20,"['60-minutes-or-less', 'time-to-make', 'course', 'main-ingredient', 'cuisine', 'preparation', 'occasion', 'low-protein', 'cobblers-and-crisps', 'desserts', 'fruit', 'oven', 'easy', 'beginner-cook', 'potluck', 'kid-friendly', 'picnic', 'spring', 'summer', 'dietary', 'low-sodium', 'seasonal', 'inexpensive', 'toddler-friendly', 'low-in-something', 'to-go', 'equipment', 'number-of-servings', '3-steps-or-less']","i cannot remember where i got this recipe, but i like it because these ingredients are usually always in the house, even if you need to go grocery shopping. great way to ease a sweet tooth! and, my toddler loves it!",2729.7
spring in your step  smoothie  raw food,327979,424680,2008-09-30,"['15-minutes-or-less', 'time-to-make', 'course', 'main-ingredient', 'preparation', 'for-1-or-2', 'low-protein', 'healthy', '5-ingredients-or-less', 'beverages', 'fruit', 'easy', 'low-fat', 'vegan', 'vegetarian', 'smoothies', 'dietary', 'low-sodium', 'low-cholesterol', 'low-saturated-fat', 'low-calorie', 'healthy-2', 'low-in-something', 'melons', 'tropical-fruit', 'papaya', 'pineapple', 'number-of-servings', '3-steps-or-less']",this recipe was pulled off the internet.,165.5
add adjective here  apple crisp,449891,1750773,2011-03-02,"['weeknight', '60-minutes-or-less', 'time-to-make', 'course', 'main-ingredient', 'cuisine', 'preparation', 'occasion', 'north-american', 'low-protein', 'healthy', 'cobblers-and-crisps', 'desserts', 'fruit', 'american', 'easy', 'dinner-party', 'fall', 'dietary', 'low-sodium', 'seasonal', 'low-in-something', 'apples', '3-steps-or-less']",a family recipe for a classic dessert.,162.6
leftover  rice pudding,221942,207176,2007-04-11,"['30-minutes-or-less', 'time-to-make', 'course', 'main-ingredient', 'cuisine', 'preparation', 'occasion', 'north-american', 'healthy', 'desserts', 'eggs-dairy', 'rice', 'american', 'oven', 'easy', 'potluck', 'dinner-party', 'holiday-event', 'kid-friendly', 'kosher', 'low-fat', 'puddings-and-mousses', 'dietary', 'low-sodium', 'low-cholesterol', 'inexpensive', 'egg-free', 'free-of-something', 'low-in-something', 'pasta-rice-and-grains', 'brunch', 'to-go', 'equipment', '3-steps-or-less']",uses leftover rice and is egg-free. inspired from a community cookbook.,418.1
new  vanishing oatmeal raisin cookies,497150,2651788,2013-03-10,"['30-minutes-or-less', 'time-to-make', 'course', 'main-ingredient', 'preparation', 'for-large-groups', 'drop-cookies', 'desserts', 'kosher', 'cookies-and-brownies', 'bar-cookies', 'grains', 'dietary', 'pasta-rice-and-grains', 'number-of-servings', 'from-scratch']","from the quaker carton (current as of 2012).
also includes variations for bar cookies and high altitude cooking.
i like to substitute the craisins instead of raisins. you might also want to add a dash of nutmeg for an even better taste.",193.2
potatoes  pommes anna,15211,5060,2001-12-04,"['60-minutes-or-less', 'time-to-make', 'course', 'main-ingredient', 'cuisine', 'preparation', 'occasion', 'north-american', 'low-protein', '5-ingredients-or-less', 'casseroles', 'side-dishes', 'potatoes', 'vegetables', 'american', 'canadian', 'french', 'oven', 'easy', 'european', 'dinner-party', 'fall', 'holiday-event', 'kid-friendly', 'winter', 'easter', 'dietary', 'new-years', 'thanksgiving', 'low-sodium', 'seasonal', 'pacific-northwest', 'low-in-something', 'equipment']",these potatoes are special and definitly not diet!!! crunchie for a special meal or buffet. evolved from ,285.9
rhubarb  victoria sauce,127048,223318,2005-06-21,"['60-minutes-or-less', 'time-to-make', 'course', 'preparation', 'low-protein', 'healthy', 'sauces', 'chutneys', 'canning', 'condiments-etc', 'easy', 'low-fat', 'dietary', 'low-sodium', 'low-cholesterol', 'low-saturated-fat', 'sweet-sauces', 'low-in-something', '3-steps-or-less', 'technique']",found this on the 'net somewhere.  i just love rhubarb sauces.,957.6
shrimp  cocktail sauce,26420,22973,2002-04-27,"['15-minutes-or-less', 'time-to-make', 'course', 'main-ingredient', 'preparation', 'low-protein', 'healthy', 'sauces', 'condiments-etc', 'seafood', 'easy', 'no-cook', 'low-fat', 'shrimp', 'dietary', 'low-cholesterol', 'low-saturated-fat', 'low-calorie', 'savory-sauces', 'low-in-something', 'shellfish', 'number-of-servings', '3-steps-or-less', 'technique']",this is an easy to make shrimp sauce. it makes about 1 1/2 cups.,163.9
another  cajun seasoning,187210,163112,2006-09-20,"['15-minutes-or-less', 'time-to-make', 'course', 'cuisine', 'preparation', 'north-american', 'condiments-etc', 'american', 'cajun', 'southern-united-states', 'easy', 'beginner-cook', 'herb-and-spice-mixes', 'dietary', 'low-cholesterol', 'high-calcium', 'high-fiber', 'cooking-mixes', 'high-in-something', 'low-in-something', '3-steps-or-less']",i found this yesterday in my cooking light magazine.  it worked great in redneck epicurean's cajun roasted chicken #146464! it is not too hot & is low in salt.,16.1
tasty   approved golden quesadillas,370567,47892,2009-05-08,"['15-minutes-or-less', 'time-to-make', 'course', 'cuisine', 'preparation', 'north-american', '5-ingredients-or-less', 'lunch', 'snacks', 'mexican', 'easy', 'dietary', 'high-calcium', 'high-in-something']","you know when cheese has gone from that melted stage to that yummy, golden crusty stage? for this quesadilla recipe, you can use mild, medium or sharp cheese, monterey jack, parmesan, etc. corn tortillas can be used in place of the flour tortillas if you wish.!feliz cumpleanos, td! local recipe.",218.2
spicy cheese dip,269443,515680,2007-12-03,"['15-minutes-or-less', 'time-to-make', 'course', 'preparation', 'occasion', 'appetizers', 'easy', 'beginner-cook', 'holiday-event', 'dips', 'stove-top', 'dietary', 'new-years', 'high-calcium', 'high-protein', 'low-carb', 'st-patricks-day', 'high-in-something', 'low-in-something', 'superbowl', 'mardi-gras-carnival', 'equipment']","if you're looking for a little spice at a party, just throw some of this out on the table.  people will love it and want to come to your next event (probably only for free food (ha ha).",384.9
tasty dish s   banana pudding in 2 minutes,286484,47892,2008-02-13,"['15-minutes-or-less', 'time-to-make', 'course', 'main-ingredient', 'preparation', 'for-1-or-2', 'low-protein', 'healthy', '5-ingredients-or-less', 'breakfast', 'lunch', 'eggs-dairy', 'fruit', 'easy', 'kid-friendly', 'low-fat', 'dietary', 'low-sodium', 'low-cholesterol', 'infant-baby-friendly', 'low-saturated-fat', 'low-calorie', 'toddler-friendly', 'low-in-something', 'tropical-fruit', 'bananas', 'number-of-servings', '3-steps-or-less']","""mmmm, i love bananas!"" a --tasty dish-- original. --tasty-- says for a deluxe version, stir in pureed strawberries!",72.9
0 point ice cream  only 1 ingredient,480558,2283828,2012-06-05,"['time-to-make', 'course', 'main-ingredient', 'preparation', 'for-1-or-2', 'low-protein', 'healthy', '5-ingredients-or-less', 'desserts', 'fruit', 'easy', 'frozen-desserts', 'dietary', 'low-sodium', 'low-cholesterol', 'low-saturated-fat', 'healthy-2', 'low-in-something', 'number-of-servings', '4-hours-or-less']","yummy!! (got this recipe from 
http://www.thekitchn.com/stepbystep-instructions-for-on-97170)",304.1
1 bowl 1 person mashed potatoes,236346,462336,2007-06-21,"['30-minutes-or-less', 'time-to-make', 'course', 'main-ingredient', 'preparation', 'for-1-or-2', 'low-protein', '5-ingredients-or-less', 'side-dishes', 'potatoes', 'vegetables', 'easy', 'dietary', 'low-sodium', 'inexpensive', 'low-in-something', 'number-of-servings']","ever feel like having mashed potatoes but you worry it will be a big fuss? are you alone and just want to have one portion? well this is for you!

i just love mashed potatoes, and decided to share my little secret on how to indulge whenever you want on them.",445.7
1 minute meatballs,11361,4470,2001-09-03,"['15-minutes-or-less', 'time-to-make', 'course', 'main-ingredient', 'preparation', 'occasion', '5-ingredients-or-less', 'very-low-carbs', 'appetizers', 'breakfast', 'lunch', 'main-dish', 'side-dishes', 'beef', 'pork', 'easy', 'dinner-party', 'finger-food', 'stove-top', 'dietary', 'low-carb', 'low-in-something', 'meat', 'equipment', 'presentation', '3-steps-or-less']","this is a real short cut for cooks in a hurry. use the cooked sausage bits like you would any meatball. in soups, stews, spaghetti, casseroles or as an appetizer with a sauce. cheating? not really just using a good shortcut.",483.8
1 point plus   roasted asparagus with lemon and chives,458729,120566,2011-06-14,"['weeknight', '60-minutes-or-less', 'time-to-make', 'course', 'main-ingredient', 'preparation', 'occasion', 'low-protein', 'side-dishes', 'vegetables', 'easy', 'vegetarian', 'dietary', 'low-sodium', 'low-cholesterol', 'low-saturated-fat', 'low-calorie', 'low-carb', 'healthy-2', 'low-in-something', 'asparagus']","from ww all time favorites.
per serving (4-6 spears): 37 cal, 3g fat, 3g carb, 1g fiber, 2g protein",46.3
1 2 3 apple crisp,100864,140806,2004-09-29,"['60-minutes-or-less', 'time-to-make', 'course', 'main-ingredient', 'preparation', 'low-protein', 'healthy', 'cobblers-and-crisps', 'desserts', 'fruit', 'dietary', 'low-sodium', 'low-in-something', 'apples', 'pitted-fruit', 'peaches']",you can also use this tantalizing recipe to make peach crisp (which i highly recommend.) very easy and delightful. at its best when served hot. use fresh fruit whenever possible.,488.2
1 2 3 hash browns pie   k,164100,210188,2006-04-12,"['60-minutes-or-less', 'time-to-make', 'course', 'main-ingredient', 'preparation', 'occasion', 'breakfast', 'lunch', 'eggs-dairy', 'vegetables', 'easy', 'beginner-cook', 'holiday-event', 'kid-friendly', 'vegetarian', 'cheese', 'eggs', 'dietary', 'gluten-free', 'inexpensive', 'free-of-something', 'toddler-friendly', 'broccoli', 'brunch', 'to-go', 'number-of-servings']","this is an excellent brunch idea.  you could make this in a pie pan or a sq 9x9 pan. super fast,and super tasty!",192.0
1 2 3 4 cake,111072,54187,2005-02-14,"['60-minutes-or-less', 'time-to-make', 'course', 'preparation', 'occasion', 'desserts', 'oven', 'holiday-event', 'cakes', 'equipment']","here's a paula deen update of my mom's favorite cake recipe. i remember mom using the recipe as it was, printed on the side of the ""swans down cake flour"" box. a great birthday-cake kind of recipe, it's called ""1-2-3-4 cake"" because, the ingredients, at that time, were listed: ""1 cup butter, 2 cups sugar, 3 cups cake flour, 4 eggs"" etc. paula's recipe simplifies some steps, with nothing lost in flavor and texture.",413.1
1 2 3 4 cake  orange,165438,291568,2006-04-24,"['60-minutes-or-less', 'time-to-make', 'course', 'preparation', 'for-large-groups', 'desserts', 'cakes', 'number-of-servings']","my mother just gave me a whole box of recipes and i found this recipe in it. it sounded so good, i baked it for a bake sale. a woman bought a couple of pieces, liked it so much that she came back and bought the rest of the cake. definitely a keeper... very easy, tasty, and versatile. i made it in a 9x13 pan. you can use milk or water instead of orange juice but i really liked the flavour of the orange juice and the raisins in it.",270.4
10 minute mushroom spaghetti sauce,8606,5911,2001-02-19,"['30-minutes-or-less', 'time-to-make', 'course', 'cuisine', 'preparation', 'occasion', 'north-american', 'low-protein', 'main-dish', 'condiments-etc', 'american', 'canadian', 'oven', 'easy', 'heirloom-historical', 'holiday-event', 'dietary', 'low-cholesterol', 'low-calorie', 'low-carb', 'healthy-2', 'low-in-something', 'equipment', '3-steps-or-less']",sauce spaghetti vite faite,155.3
10 minute tomato sauce from america s test kitchen,429838,1566320,2010-06-15,"['15-minutes-or-less', 'time-to-make', 'course', 'main-ingredient', 'cuisine', 'preparation', 'low-protein', 'main-dish', 'pasta', 'vegetables', 'easy', 'european', 'italian', 'dietary', 'low-cholesterol', 'low-calorie', 'low-carb', 'inexpensive', 'healthy-2', 'low-in-something', 'pasta-rice-and-grains', 'spaghetti', 'tomatoes', '3-steps-or-less']","fresh tasting pasta sauce using canned crushed tomatoes as described on america's test kitchens. use either muir glenn or tuttoroso crushed tomatoes because they use a lower processing temperature in the canning process and therefore are fresher tasting than other brands.  recipe notes:  according to the chefs, grating the onions instead of chopping allows them to carmelize more quickly. the butter is used because saturated fats helps the onions stay sweet. olive oil contains  unsaturated fats that react with an enzyme in the onion that can result in a bitter taste. using crushed tomatoes is preferable to other forms. the chefs apparently expended a great deal of effort in developing this simple recipe so it is suggested that it be followed closely in order to acheive a fresh tasting sauce from canned tomatoes.",152.0
10 second mango yogurt smoothie,423880,593927,2010-05-07,"['weeknight', '15-minutes-or-less', 'time-to-make', 'course', 'main-ingredient', 'cuisine', 'preparation', 'occasion', 'for-1-or-2', '5-ingredients-or-less', 'beverages', 'eggs-dairy', 'fruit', 'asian', 'indian', 'easy', 'dinner-party', 'holiday-event', 'vegetarian', 'smoothies', 'dietary', 'gluten-free', 'shakes', 'ramadan', 'egg-free', 'free-of-something', 'tropical-fruit', 'mango', 'equipment', 'small-appliance', 'number-of-servings', '3-steps-or-less']",this is very quick so make it if that is what you want. i made it up for a late night snack. amounts are approximate.,112.1
100 year old pie crust,126072,205983,2005-06-15,"['15-minutes-or-less', 'time-to-make', 'course', 'preparation', 'for-1-or-2', '5-ingredients-or-less', 'pies-and-tarts', 'desserts', 'easy', 'crusts-pastry-dough-2', 'dietary', 'low-sodium', 'low-in-something', 'number-of-servings', '3-steps-or-less']",very nice light crust,1515.2
100 year old souffle,20238,19060,2002-02-20,"['60-minutes-or-less', 'time-to-make', 'course', 'main-ingredient', 'cuisine', 'preparation', 'occasion', 'north-american', 'appetizers', 'breakfast', 'eggs-dairy', 'american', 'southern-united-states', 'oven', 'dinner-party', 'holiday-event', 'cheese', 'eggs', 'dietary', 'high-calcium', 'comfort-food', 'californian', 'low-carb', 'high-in-something', 'low-in-something', 'taste-mood', 'equipment']",this is a simple recipe passed down for over 100 years in my family.,203.8
100  whole wheat bread  abm,292147,379836,2008-03-17,"['time-to-make', 'course', 'preparation', 'for-1-or-2', 'breads', 'bread-machine', 'easy', 'beginner-cook', 'yeast', 'equipment', 'small-appliance', 'number-of-servings', '4-hours-or-less']","i wanted 100% which is light and fluffy so i started tinkering away and this is the recipe i got. i really love it and it's easy-peasy, lemon-sqeasy as my kids would say. as a result, i've retired my 50-50 bread. hopefully s",2154.8
100 stroke banana bread,213681,19185,2007-02-24,"['time-to-make', 'course', 'main-ingredient', 'cuisine', 'preparation', 'north-american', 'breads', 'fruit', 'american', 'easy', 'dietary', 'low-saturated-fat', 'inexpensive', 'quick-breads', 'low-in-something', 'tropical-fruit', 'bananas', '4-hours-or-less']",contributed to the little church of the desert cookbook (1986) by shirley mcclay of 29 palms.,270.9
12 hour tomatoes,449768,1072593,2011-02-28,"['course', 'main-ingredient', 'preparation', 'occasion', 'low-protein', '5-ingredients-or-less', 'condiments-etc', 'vegetables', 'easy', 'vegetarian', 'dietary', 'gifts', 'low-sodium', 'low-cholesterol', 'low-saturated-fat', 'low-calorie', 'low-carb', 'healthy-2', 'low-in-something', 'tomatoes', 'novelty', 'technique']",from joe yonan's cookbook.,267.5
15 minute parmesan pasta,302815,166642,2008-05-08,"['15-minutes-or-less', 'time-to-make', 'course', 'main-ingredient', 'cuisine', 'preparation', 'occasion', '5-ingredients-or-less', 'main-dish', 'side-dishes', 'eggs-dairy', 'pasta', 'easy', 'european', 'beginner-cook', 'kid-friendly', 'cheese', 'dietary', 'one-dish-meal', 'comfort-food', 'pasta-rice-and-grains', 'taste-mood', 'savory', 'number-of-servings']",you can use any type of pasta you would like for this recipe. it can be a main dish or it also makes a nice side dish. recipe is from kraft.,368.2
1900 park fare bread pudding  disney,240311,318418,2007-07-13,"['time-to-make', 'course', 'preparation', 'occasion', 'desserts', 'dietary', 'copycat', 'novelty', '4-hours-or-less']",you should serve this with a sweet vanilla sauce like recipe #240314.,495.9
1960 tomato gravy,245950,70073,2007-08-12,"['30-minutes-or-less', 'time-to-make', 'course', 'main-ingredient', 'cuisine', 'preparation', 'occasion', 'north-american', 'low-protein', 'sauces', 'main-dish', 'condiments-etc', 'vegetables', 'canadian', 'easy', 'dietary', 'low-calorie', 'comfort-food', 'low-carb', 'savory-sauces', 'low-in-something', 'tomatoes', 'taste-mood']",from an index card in a recipe box i bought at a garage sale in 1960. the recipe uses canned tomatoes but i have also used fresh tomatoes with great results too. substitute olive or vegetable oil for the bacon grease if you like but the taste won't be quite the same. good with meatloaf or for serving with leftovers or biscuits.,263.2
1995 1st place  swedish spice cookies,170336,293946,2006-05-29,"['60-minutes-or-less', 'time-to-make', 'course', 'cuisine', 'preparation', 'for-large-groups', 'desserts', 'scandinavian', 'european', 'cookies-and-brownies', 'number-of-servings']",this was posted for the zwt 2006.  i have not tried this recipe and it is compliments of fooddownunder.com by colleen ries.  these were the first-place winner in the 1995 chicago tribune holiday cookie contest.,124.8
1  2  3  swiss meringue buttercream,471666,714107,2012-01-09,"['30-minutes-or-less', 'time-to-make', 'course', 'preparation', 'low-protein', '5-ingredients-or-less', 'desserts', 'easy', 'cakes', 'dietary', 'low-sodium', 'cake-fillings-and-frostings', 'low-in-something']","the best icing for a cake.  recipe from www.dyannbakes.com site is no longer so need to put it up here so i don't lose it!
http://youtu.be/ubbormwcfnc",409.8
2 ingredient cookies,496213,260988,2013-02-27,"['30-minutes-or-less', 'time-to-make', 'course', 'preparation', 'healthy', '5-ingredients-or-less', 'desserts', 'snacks', 'easy', 'beginner-cook', 'diabetic', 'kid-friendly', 'low-fat', 'cookies-and-brownies', 'dietary', 'low-sodium', 'low-cholesterol', 'low-saturated-fat', 'healthy-2', 'low-in-something']","found this recipe online and tried it out. turned out yummy. probably the best recipe to start kids off baking cookies!  the add-ins are endless. choc chips,nuts,spices,fruit etc. when i made the second batch of these, i added vanilla extract and choc chips, turned out great. no secret to these... when you get a nice cookie dough consistency...it's time to bake. the smaller you make them, the less time they will take...and will determine how much you get out of a batch.",86.2
2 ingredient peach sorbet,400243,369264,2009-11-19,"['15-minutes-or-less', 'time-to-make', 'course', 'preparation', 'low-protein', 'healthy', '5-ingredients-or-less', 'desserts', 'easy', 'low-fat', 'frozen-desserts', 'freezer', 'dietary', 'low-sodium', 'low-cholesterol', 'low-saturated-fat', 'low-calorie', 'low-carb', 'healthy-2', 'low-in-something', 'equipment']","from the can opener gourmet.  you could do this with other fruits, too :)  the variations they use are making it with a 15 oz can of mandarin oranges and using lime juice or using a 15 oz can of tropical fruit and using 1-2tbsp of rum and 1 tsp of bottled citrus juice.  it all sounds tasty!",28.8
2 ingredients  eggs   banana  pancakes,501408,185926,2013-06-05,"['15-minutes-or-less', 'time-to-make', 'course', 'main-ingredient', 'preparation', 'for-1-or-2', '5-ingredients-or-less', 'pancakes-and-waffles', 'breakfast', 'eggs-dairy', 'fruit', 'easy', 'beginner-cook', 'dietary', 'low-sodium', 'gluten-free', 'low-calorie', 'free-of-something', 'low-in-something', 'number-of-servings', '3-steps-or-less']",i saw this in in a yahoo health list today.,248.0
2  ingredient purple cow,122497,208984,2005-05-16,"['15-minutes-or-less', 'time-to-make', 'course', 'preparation', 'for-1-or-2', 'low-protein', '5-ingredients-or-less', 'beverages', 'easy', 'kid-friendly', 'dietary', 'low-sodium', 'inexpensive', 'low-in-something', 'number-of-servings', '3-steps-or-less']",this is a drink i make for my 2 year old very often. you can prepare it as a milk shake or as a sweet drink.,364.3
2 step pound cake  for a kitchen aide mixer,144841,29783,2005-11-13,"['time-to-make', 'course', 'preparation', 'occasion', 'for-large-groups', 'desserts', 'easy', 'holiday-event', 'cakes', 'gifts', 'taste-mood', 'sweet', 'equipment', 'small-appliance', 'mixer', 'number-of-servings', '4-hours-or-less']",this recipe was published in a southern living magazine and my sister and i love it.  you must use a kitchen aid mixer or similar stand mixer! you cannot use a hand mixer or rotary bowl mixer. easy and yummy.  you can glaze with thinned apricot preserves for a little more decadence.  i have used the recipe for petit fours baked in a 10 x 15 pan with a poured/dipped fondant.  this recipe always brings compliments.  prep time includes cooling.,498.7
24k carrots,152441,209747,2006-01-19,"['15-minutes-or-less', 'time-to-make', 'course', 'main-ingredient', 'cuisine', 'preparation', 'occasion', 'north-american', 'south-west-pacific', 'low-protein', 'side-dishes', 'vegetables', 'african', 'australian', 'caribbean', 'easy', 'central-american', 'dinner-party', 'holiday-event', 'kid-friendly', 'vegetarian', 'dietary', 'low-sodium', 'low-calorie', 'inexpensive', 'free-of-something', 'low-in-something', 'carrots', 'brunch', 'taste-mood', '3-steps-or-less']","carrots coated with a yummy butter, brown sugar and ginger sauce. i grew up eating these in texas. easy, quick and yummy!-- great way to get kids to enjoy this veggie! if you like a lot of sauce double the sauce ingredients. i posted this less 'saucy' to keep the fat and calories down. the sauce is yummy and great on rice or just on a spoon! hope you enjoy it as much as we do!  i am so honored that this simple little recipe of mine has been so well received. thank you all for your reviews!",124.4
3 cheese asparagus,136112,184723,2005-09-05,"['60-minutes-or-less', 'time-to-make', 'course', 'main-ingredient', 'preparation', '5-ingredients-or-less', 'very-low-carbs', 'appetizers', 'side-dishes', 'vegetables', 'easy', 'vegetarian', 'dietary', 'high-calcium', 'low-carb', 'high-in-something', 'low-in-something', 'asparagus']",this recipe was on the bunch of asparagus i bought.  i bought the cheeses right there and made it that evening and it was delicious!  i normally make with parmesan and this was a great change!,578.6
3 fruit salad,112648,107135,2005-03-04,"['15-minutes-or-less', 'time-to-make', 'course', 'main-ingredient', 'preparation', 'occasion', 'low-protein', 'healthy', '5-ingredients-or-less', 'salads', 'fruit', 'easy', 'beginner-cook', 'heirloom-historical', 'holiday-event', 'kid-friendly', 'low-fat', 'dietary', 'low-sodium', 'low-cholesterol', 'low-saturated-fat', 'low-calorie', 'inexpensive', 'healthy-2', 'low-in-something']","we have this at the holidays, like everyone else for 3 generations. it's very easy and very good. a good beginning job for the cooks that want to help. the faster you peel and chop the faster this dish is, lol.",195.9
3 ingredient garlic bread,21428,27643,2002-03-04,"['30-minutes-or-less', 'time-to-make', 'course', 'main-ingredient', 'cuisine', 'preparation', 'occasion', '5-ingredients-or-less', 'breads', 'oven', 'easy', 'european', 'beginner-cook', 'dinner-party', 'kid-friendly', 'grains', 'dietary', 'comfort-food', 'inexpensive', 'pasta-rice-and-grains', 'taste-mood', 'equipment']",a must have with those italian meals!,345.8
3 ingredient peanut butter cookies,525818,1803607183,2016-02-01,"['30-minutes-or-less', 'time-to-make', 'course', 'preparation', 'for-large-groups', '5-ingredients-or-less', 'desserts', 'easy', 'number-of-servings']",peanut butter cookies,98.4
3 minute hollandaise,96064,152393,2004-07-21,"['15-minutes-or-less', 'time-to-make', 'course', 'preparation', 'occasion', 'low-protein', '5-ingredients-or-less', 'sauces', 'condiments-etc', 'easy', 'beginner-cook', 'dinner-party', 'dietary', 'egg-free', 'free-of-something', 'low-in-something', 'brunch', '3-steps-or-less']","when i was first married a neighbor gave me this recipe for my first dinner party. i was afraid to tackle a ""real"" hollandaise sauce and this was perfect. i still use it today.",88.8
3 veg cauliflower cheese,193053,322326,2006-10-31,"['60-minutes-or-less', 'time-to-make', 'course', 'main-ingredient', 'cuisine', 'preparation', 'occasion', 'south-west-pacific', 'main-dish', 'side-dishes', 'vegetables', 'easy', 'beginner-cook', 'dinner-party', 'kid-friendly', 'romantic', 'vegetarian', 'winter', 'dietary', 'one-dish-meal', 'seasonal', 'high-calcium', 'comfort-food', 'oamc-freezer-make-ahead', 'low-carb', 'new-zealand', 'high-in-something', 'toddler-friendly', 'low-in-something', 'broccoli', 'carrots', 'cauliflower', 'taste-mood', 'number-of-servings', 'presentation', 'served-hot']","yesterday we were having a roast and made this as a side dish, normally for just plain cauliflower cheese you would use more cauliflower instead of broccoli, but this was very tasty and incredibly high in anti-cancer foods",226.8
3 vegetable casserole,31683,12118,2002-06-20,"['60-minutes-or-less', 'time-to-make', 'course', 'main-ingredient', 'preparation', 'occasion', 'casseroles', 'main-dish', 'eggs-dairy', 'vegetables', 'oven', 'easy', 'vegetarian', 'cheese', 'eggs', 'dietary', 'one-dish-meal', 'inexpensive', 'equipment']","my bosses wife swears by this recipe for leftovers. i have used it many times, make a good meal or sidedish.",399.8
3 way bbq baked beans oamc,311959,844444,2008-07-04,"['time-to-make', 'preparation', 'oamc-freezer-make-ahead', 'number-of-servings', '4-hours-or-less']",a must try! there are tons of recipes for baked beans but these will really stand out and how great...they freeze beautifully! i call them 3 way because you can really use any 3 kinds of beans you like. and once combined you have 3 options to choose what to do with them. i adapted this recipe to suit my family and the freezer. the original is from beyond macaroni and cheese.,422.4
3  2  1 dip,324047,77146,2008-09-09,"['60-minutes-or-less', 'time-to-make', 'course', 'preparation', '5-ingredients-or-less', 'appetizers', 'easy', 'dips', 'dietary', 'high-calcium', 'high-in-something', '3-steps-or-less']","i got this from a friend.  it's easy and delicious and fattening.  serve with cocktail bread.  there will be a lot of oil at the top of the dish when it comes out of the oven, so be sure to spoon it all off before serving.  also, if you like more onion, dice a medium onion instead of a small onion.",1031.2
3 ingredient cinnamon banana slice,18766,12657,2002-02-03,"['15-minutes-or-less', 'time-to-make', 'course', 'main-ingredient', 'preparation', 'occasion', 'for-1-or-2', 'healthy', '5-ingredients-or-less', 'breakfast', 'lunch', 'snacks', 'fruit', 'easy', 'beginner-cook', 'diabetic', 'finger-food', 'kid-friendly', 'low-fat', 'vegan', 'vegetarian', 'stove-top', 'dietary', 'low-cholesterol', 'low-saturated-fat', 'inexpensive', 'healthy-2', 'low-in-something', 'equipment', 'number-of-servings', 'presentation']","an absolutely delicious done-in-a-snap snack, or breakfast treat (if you double/triple the recipe) that's as much fun to make as it is to eat! you end up with a slice with pretty, circular patterns, that's soft and sweet on the top, and crisp at the bottom!",114.6
3 ingredient dump cake,448832,339260,2011-02-15,"['30-minutes-or-less', 'time-to-make', 'course', 'preparation', 'low-protein', '5-ingredients-or-less', 'desserts', 'easy', 'beginner-cook', 'cakes', 'dietary', 'low-in-something', '3-steps-or-less']","whenever you need a last-minute dessert, this is perfect!  it can be mixed up, baked and served in a jiffy.  this cake is especially delicious topped with scoops of vanilla ice cream.",432.3
3 ingredient granola bars,528364,2001060069,2016-09-23,"['15-minutes-or-less', 'time-to-make', 'course', 'preparation', '5-ingredients-or-less', 'snacks', 'easy', 'dietary', 'low-sodium', 'low-in-something']",no need for store-bought â€” these homemade granola bars are even better!,342.5
3 ingredient lemon pepper marinade,269156,429816,2007-12-01,"['15-minutes-or-less', 'time-to-make', 'course', 'preparation', 'for-1-or-2', 'low-protein', '5-ingredients-or-less', 'condiments-etc', 'easy', 'marinades-and-rubs', 'dietary', 'low-sodium', 'inexpensive', 'low-in-something', 'number-of-servings', '3-steps-or-less']",from 'cooking with three ingredients' by andrew schloss.,531.6
3 step cheesecake,206585,419596,2007-01-21,"['course', 'preparation', '5-ingredients-or-less', 'desserts', 'easy', 'cheesecake', 'dietary', 'equipment', 'small-appliance', 'mixer']","very tastey, my family loves this recipe and so do all of my friends. i get requests to make it all the time and it is so simple!-- also it's easy to change flavors. i always do a strawberry swirl though; just a couple spoonfuls of strawberry jam and then you marble it with a knife. yummy!",413.0
30 minute baked potato,155496,252156,2006-02-10,"['lactose', '30-minutes-or-less', 'time-to-make', 'course', 'main-ingredient', 'preparation', 'low-protein', 'healthy', '5-ingredients-or-less', 'lunch', 'side-dishes', 'potatoes', 'vegetables', 'oven', 'easy', 'microwave', 'beginner-cook', 'low-fat', 'vegan', 'vegetarian', 'dietary', 'low-sodium', 'gluten-free', 'low-cholesterol', 'low-saturated-fat', 'low-calorie', 'inexpensive', 'egg-free', 'healthy-2', 'free-of-something', 'low-in-something', 'equipment', '3-steps-or-less']","cut the time, but not the lovely oven cooked texture.",164.0
30 minute cobbler,59050,54697,2003-04-09,"['60-minutes-or-less', 'time-to-make', 'course', 'main-ingredient', 'preparation', 'low-protein', '5-ingredients-or-less', 'cobblers-and-crisps', 'desserts', 'fruit', 'easy', 'dietary', 'low-sodium', 'low-in-something', 'pitted-fruit', 'peaches']",an easy crowd pleaser. i've given this recipe to so many people and all love it. this was from a newsletter put out by a local gourmet cooking store that also does cooking classes called sweet basil and the chef was andy broder.,439.0
30 minute shepherd s pie,145473,63858,2005-11-19,"['60-minutes-or-less', 'time-to-make', 'course', 'main-ingredient', 'preparation', 'savory-pies', 'main-dish', 'beef', 'easy', 'dietary', 'low-sodium', 'low-carb', 'ground-beef', 'low-in-something', 'meat', '3-steps-or-less']",from rachael ray.  i love this recipe it's so easy and delicious.,847.2
30 second sandwich,9518,11458,2001-06-21,"['15-minutes-or-less', 'time-to-make', 'course', 'main-ingredient', 'preparation', 'occasion', 'for-1-or-2', '5-ingredients-or-less', 'lunch', 'snacks', 'eggs-dairy', 'easy', 'microwave', 'beginner-cook', 'cheese', 'dietary', 'sandwiches', 'high-calcium', 'high-in-something', 'equipment', 'number-of-servings', '3-steps-or-less']",its fast and easy after a night on the tiles,321.0
30 minute cheesy baked ravioli,154224,115853,2006-02-01,"['60-minutes-or-less', 'time-to-make', 'course', 'main-ingredient', 'cuisine', 'preparation', '5-ingredients-or-less', 'main-dish', 'pasta', 'oven', 'easy', 'european', 'beginner-cook', 'kid-friendly', 'italian', 'dietary', 'one-dish-meal', 'meat', 'pasta-rice-and-grains', 'ravioli-tortellini', 'equipment']",everything is done in one dish - no work and no mess! this is perfect for a busy weeknight.,238.5
300 lb  potatoes,145831,35168,2005-11-21,"['time-to-make', 'course', 'preparation', 'side-dishes', 'dietary', 'low-sodium', 'low-in-something', '4-hours-or-less']","one of my brothers refers to these as ""300 lb. potatoes"". because if you ate as much as you'd like to, you'd be 300 pounds. these are not for the diet conscious. these go great with a meat that doesn't have gravy.",500.3
4 in 1   creamy custard drizzle  dip  dressing or sauce,205712,296809,2007-01-15,"['60-minutes-or-less', 'time-to-make', 'course', 'main-ingredient', 'preparation', 'occasion', 'sauces', 'desserts', 'salads', 'condiments-etc', 'eggs-dairy', 'fruit', 'easy', 'beginner-cook', 'dinner-party', 'kid-friendly', 'salad-dressings', 'eggs', 'dietary', 'sweet-sauces', 'citrus', 'tropical-fruit', 'taste-mood', 'sweet', 'presentation', 'served-cold']","from the ""1 of a kind"" cookbook by the junior league of mobile, al, this is 1 of those little recipes that is big on flavor & has enormous potential to become an invaluable part of your company-worthy & daily family cuisine. i stopped at the 4 in 1 concepts, but i suspect i would need a considerably larger # if i put all my energy into more options. maybe you guys will try it & expand those options for me. give it a go & enjoy!",119.4
4 ingredient peach cobbler,301835,830551,2008-05-01,"['60-minutes-or-less', 'time-to-make', 'course', 'main-ingredient', 'preparation', 'low-protein', '5-ingredients-or-less', 'cobblers-and-crisps', 'desserts', 'fruit', 'easy', 'beginner-cook', 'dietary', 'low-sodium', 'inexpensive', 'low-in-something', '3-steps-or-less']","my mother-in-law makes this recipe, and it is the most wonderful peach cobbler i have ever tasted. whenever the family gets together this is what i request for dessert, and there is never any left! and best of all it only takes four ingredients!",188.7
4 cheese broiled tomato slices,483632,705251,2012-07-16,"['15-minutes-or-less', 'time-to-make', 'course', 'main-ingredient', 'preparation', 'occasion', 'for-large-groups', 'appetizers', 'eggs-dairy', 'vegetables', 'easy', 'dinner-party', 'holiday-event', 'vegetarian', 'cheese', 'dietary', 'low-calorie', 'low-carb', 'inexpensive', 'low-in-something', 'tomatoes', 'brunch', 'number-of-servings', '3-steps-or-less', 'from-scratch']",a great appetizer that does not take much time at all to prepare.  these would be good on a slice of toasted bread too for an open face sandwich for lunch.,49.1
4b s old fashioned cream of tomato soup,153800,236760,2006-01-30,"['60-minutes-or-less', 'time-to-make', 'course', 'main-ingredient', 'preparation', 'occasion', 'low-protein', 'bisques-cream-soups', 'soups-stews', 'vegetables', 'easy', 'stove-top', 'dietary', 'low-sodium', 'low-calorie', 'comfort-food', 'low-carb', 'low-in-something', 'tomatoes', 'taste-mood', 'equipment']","this is an original recipe from the kitchen of 4b's restaurant.  my whole family craves 4b's soup often and would head over to get it ""to go"".  now that i don't live in montana, i got the recipe from them to make whenever i wish here in iowa.",238.6
4th of july fruit flag,459273,37449,2011-06-23,"['15-minutes-or-less', 'time-to-make', 'course', 'main-ingredient', 'cuisine', 'preparation', 'occasion', 'north-american', '5-ingredients-or-less', 'appetizers', 'fruit', 'american', 'easy', 'dinner-party', 'holiday-event', 'kid-friendly', 'vegan', 'vegetarian', 'dietary', 'independence-day', 'berries']","this is quick and easy  and very festive to make just before a party or picnic. for ultimate freshness, prepare this treat right before serving. present it with toothpicks for spearing the fruit and a bowl of your favorite dip, if desired. one variation is to cook crescent rolls in a  8"" by 13"" pan, covered with cream cheese, then topped with the fruit. another used a white tray, and this would be good on a 8"" by 13"" cake too. feel free to use your imagination!to see what this looks like go to http://familyfun.go.com/4th-of-july/4th-of-july-recipes/patriotic-picnic-ideas/fruit-flag-686767/.",1014.3
5 a day smoothie,170981,250737,2006-06-01,"['15-minutes-or-less', 'time-to-make', 'course', 'main-ingredient', 'preparation', 'for-1-or-2', 'low-protein', 'healthy', '5-ingredients-or-less', 'beverages', 'breakfast', 'fruit', 'vegetables', 'easy', 'low-fat', 'smoothies', 'dietary', 'low-sodium', 'low-cholesterol', 'low-saturated-fat', 'low-calorie', 'healthy-2', 'low-in-something', 'citrus', 'oranges', 'tropical-fruit', 'bananas', 'number-of-servings']",a healthy orange drink that provides 2 servings of vegetables and 3 servings of fruit. i made this up in an attempt to get my 5 a day without cooking. hope you enjoy!,415.0
5 cheese grilled cheese,338753,146962,2008-11-20,"['30-minutes-or-less', 'time-to-make', 'course', 'cuisine', 'preparation', 'north-american', 'lunch', 'american', 'dietary', 'sandwiches', 'high-calcium', 'high-protein', 'high-in-something']","if you like grilled cheese sandwiches you will love this one! also, you can put other items with it such as ham, bacon, turkey,... also, try it on a cold winter day with tomato soup. if you can't find sourdough bread use thick sliced bread. also, i add granulated garlic to the whipped butter to add a little kick.",1123.2
5 ingredient baked bean chili,323262,302094,2008-09-04,"['30-minutes-or-less', 'time-to-make', 'course', 'preparation', 'occasion', 'for-large-groups', '5-ingredients-or-less', 'main-dish', 'soups-stews', 'easy', 'winter', 'chili', 'seasonal', 'number-of-servings']",this is from toh 5-ingredient cookbook. easy and tasty. try it with some cornbread or biscuits. yummy!,186.6
5 minute comfort food,432077,462336,2010-07-06,"['15-minutes-or-less', 'time-to-make', 'preparation', 'occasion', 'for-1-or-2', '5-ingredients-or-less', 'easy', 'beginner-cook', 'comfort-food', 'inexpensive', 'taste-mood', 'number-of-servings']",this recipe can turn your day around in just 5 minutes!!!,224.0
5 minute low fat bean dip,257084,604781,2007-10-04,"['15-minutes-or-less', 'time-to-make', 'course', 'main-ingredient', 'preparation', 'appetizers', 'beans', 'easy', 'dips', 'food-processor-blender', 'inexpensive', 'equipment', 'small-appliance']",this recipe is quick and easy.  a great appetizer while you're waiting for meat to thaw or a whole meal.  eat with baked tostitos to for the most healthy option.,377.7
5 minute potato,274746,668895,2007-12-29,"['15-minutes-or-less', 'time-to-make', 'course', 'main-ingredient', 'cuisine', 'preparation', 'occasion', 'for-1-or-2', 'low-protein', 'lunch', 'snacks', 'potatoes', 'vegetables', 'easy', 'european', 'beginner-cook', 'kid-friendly', 'irish', 'dietary', 'low-sodium', 'toddler-friendly', 'low-in-something', 'to-go', 'camping', 'number-of-servings']","good, easy, simple, and fast!",422.6
5 minute strawberry ice cream,31984,45830,2002-06-23,"['15-minutes-or-less', 'time-to-make', 'course', 'main-ingredient', 'preparation', 'occasion', 'low-protein', '5-ingredients-or-less', 'desserts', 'fruit', 'easy', 'kid-friendly', 'frozen-desserts', 'dietary', 'low-sodium', 'low-in-something', 'berries', 'strawberries']",instant ice cream. this is a wonderful dessert if friends drop by.,263.4
5 spice beef   rice,309594,811179,2008-06-16,"['lactose', '60-minutes-or-less', 'time-to-make', 'course', 'main-ingredient', 'preparation', 'main-dish', 'beef', 'rice', 'dietary', 'one-dish-meal', 'gluten-free', 'egg-free', 'ground-beef', 'free-of-something', 'meat', 'pasta-rice-and-grains', 'brown-rice']","this recipe came from my husband's grandmother, and we modified it a little bit to make it gluten and dairy free.  as a kid this was my husband's favorite meal, and he used to walk around singing a little song about it ""5 spice beef and rice, cha cha cha!""  the five spices are pepper, bay leaf, garlic, thyme and oregano.  it's very easy to make, and a good dinner staple.",503.9
5 star balsamic strawberry salad dressing,201750,355282,2006-12-24,"['30-minutes-or-less', 'time-to-make', 'course', 'preparation', 'occasion', 'low-protein', 'salads', 'dinner-party', 'romantic', 'salad-dressings', 'dietary', 'low-sodium', 'low-in-something', 'taste-mood']","between jobs in my field, i worked as a manager in a 5 star restaurant. this dressing was our most popular by far!

very simple and delish!",322.7
5 star creamed corn,345089,741512,2008-12-24,"['30-minutes-or-less', 'time-to-make', 'course', 'main-ingredient', 'cuisine', 'preparation', 'occasion', 'north-american', 'side-dishes', 'vegetables', 'american', 'southern-united-states', 'easy', 'dinner-party', 'heirloom-historical', 'holiday-event', 'vegetarian', 'dietary', 'comfort-food', 'corn', 'taste-mood', 'presentation', 'served-hot']","served at the 5 star piero's italian restaurant in las vegas!  
this is the original recipe for the most delicious creamed corn (not sweet) you'll ever taste.  given to me by the kind executive chef of piero's, las vegas.

the recipe is so incredibly simple but the taste is out of this world.  not at all sticky sweet or mushy like canned cream corn, rather barely sweet, but just enough to make you know you are eating something very special.  you can't go wrong with this dish.

super simple, elegant and impressive.",456.1
5 minute individual potato gratins by melissa d arabian,385071,461834,2009-08-11,"['60-minutes-or-less', 'time-to-make', 'course', 'main-ingredient', 'preparation', 'side-dishes', 'eggs-dairy', 'potatoes', 'vegetables', 'easy', 'cheese', 'dietary', 'low-sodium', 'low-in-something']","i saw melissa make these on the next food network star show and wanted to try these for my family. quicker baking time with the smaller portions. note: i layered the potatoes, cheese, seasonings and onion several times and cooked it closer to an hour in my oven.",349.7
5 minute southwest layered salad      k,166476,210188,2006-05-01,"['15-minutes-or-less', 'time-to-make', 'course', 'main-ingredient', 'preparation', 'occasion', 'lunch', 'salads', 'beans', 'eggs-dairy', 'vegetables', 'easy', 'beginner-cook', 'diabetic', 'vegetarian', 'cheese', 'dietary', 'brown-bag', 'inexpensive', 'corn', 'greens', 'lettuces', 'brunch', 'taste-mood', 'to-go']",here's is a great simple salad. with just a touch of the southwest. mangia!!!,289.2
6 minute raspberry jam  with variations,301951,386585,2008-05-02,"['60-minutes-or-less', 'time-to-make', 'preparation', 'low-protein', 'healthy', '5-ingredients-or-less', 'easy', 'low-fat', 'dietary', 'low-sodium', 'low-cholesterol', 'low-saturated-fat', 'low-calorie', 'healthy-2', 'low-in-something']","you won't need a heavy saucepan, mason jar, pectin, or paraffin to make these flavorful jams.  packed with chunks of fruit, they're a snap to make 0 with a little help from your microwave.  although these quick jams are made in small quantities, the mixture does bubble up in the microwave, so be sure to use a 6-cup bowl.  also, remember that doubling or tripling a microwave recipe changes the cooking time significantly.  once you've whipped up some jam, transfer it to a covered small container..  refrigerated, it will keep for several weeks.",458.1
7 ingredient peanut butter cookies,250024,575052,2007-08-30,"['30-minutes-or-less', 'time-to-make', 'course', 'preparation', 'occasion', 'for-large-groups', 'rolled-cookies', 'desserts', 'winter', 'cookies-and-brownies', 'seasonal', 'comfort-food', 'inexpensive', 'taste-mood', 'savory', 'sweet', 'number-of-servings']","i was trying to make simple, three ingredient peanut butter cookies, but i ended up short on peanut butter and had to improvise. they turned out very light, crispy and delicious! i am very happy with them----! ^w^",103.6
a berry good banana smoothie,204114,359051,2007-01-08,"['15-minutes-or-less', 'time-to-make', 'course', 'preparation', 'for-1-or-2', 'low-protein', 'healthy', '5-ingredients-or-less', 'beverages', 'easy', 'beginner-cook', 'kid-friendly', 'low-fat', 'smoothies', 'dietary', 'low-sodium', 'low-cholesterol', 'low-calorie', 'low-carb', 'healthy-2', 'low-in-something', 'number-of-servings']","easy, easy recipe for kids to make and the kid in us adults",303.9
a different tomato salad dressing,223242,461283,2007-04-17,"['15-minutes-or-less', 'time-to-make', 'course', 'preparation', '5-ingredients-or-less', 'very-low-carbs', 'salads', 'easy', 'salad-dressings', 'dietary', 'low-carb', 'low-in-something', '3-steps-or-less']","for an easy, tasty, and different twist on the tomato-mozzarella salad, try this dressing. the tastes of the balsamic and soy are so good together!",127.4
a kick in the asparagus,124597,35526,2005-06-06,"['time-to-make', 'course', 'main-ingredient', 'preparation', 'occasion', 'low-protein', 'healthy', '5-ingredients-or-less', 'lunch', 'side-dishes', 'vegetables', 'easy', 'dinner-party', 'holiday-event', 'dietary', 'low-cholesterol', 'low-calorie', 'low-carb', 'egg-free', 'healthy-2', 'free-of-something', 'low-in-something', 'asparagus', 'brunch', 'taste-mood', '4-hours-or-less']","i got this off another site, not sure where.  i love grilled asparagus.  you should try it.  i included marinating time in the prep time.",146.1
a little more devil in these eggs,327059,186802,2008-09-24,"['30-minutes-or-less', 'time-to-make', 'course', 'main-ingredient', 'preparation', 'occasion', '5-ingredients-or-less', 'appetizers', 'lunch', 'snacks', 'eggs-dairy', 'easy', 'beginner-cook', 'potluck', 'picnic', 'eggs', 'stove-top', 'dietary', 'low-carb', 'inexpensive', 'low-in-something', 'brunch', 'taste-mood', 'savory', 'to-go', 'equipment']",this looks like a tasty alternative to traditional devilled eggs.  a great appetizer for any get-together.,116.8
